INSERT INTO School (Name, Address, Phone, Email, Website, Principal, VicePrincipal)
VALUES ('St. Augustine Secondary School', '12675 Eagle Ave. Milton, ON', '519-805-9078', 'www.staug.on.edu', 'Henry Rollins', 'Agatha Smith');

INSERT INTO Grade (GradeNumber, SchoolID)
VALUES (1, 1),
       (2, 1),
       (3, 1),
       (4, 1),
       (5, 1),
       (6, 1),
       (7, 1),
       (8, 1);

INSERT INTO Classroom (GradeID, TeacherID)
VALUES (1, 1),
       (1, 2),
       (2, 3),
       (2, 4),
       (3, 5),
       (3, 6),
       (4, 7),
       (4, 8),
       (5, 9),
       (5, 10),
       (6, 11),
       (6, 12),
       (7, 13),
       (7, 14),
       (8, 15),
       (8, 16);

INSERT INTO Teacher (TeacherName, Email, Phone, ClassroomID, GradeID)
VALUES ('Aliza Bounty', 'BountyAliz@edu.ca', '519-805-9021', 1, 1),
       ('Brenda June', 'JuneB@edu.ca', '614-809-7624', 2, 1),
       ('George Rune', 'RuneG@edu.ca', '519-908-1122', 3, 2),
       ('Helen Sharpe', 'SharpH@edu.ca', '519-234-1324', 4, 2),
       ('Ivar Rolf', 'RolfI@edu.ca', '647-909-1982', 5, 3),
       ('Jenny Poom', 'PoomJ@edu.ca', '565-000-1298', 6, 3),
       ('Karl Marx', 'MarcK@edu.ca', '675-709-2265', 7, 4),
       ('George Orwell', 'OrwellG@edu.ca', '555-555-5551', 8, 4),
       ('Nancy Drew', 'DrewN@edu.ca', '111-111-1123', 9, 5),
       ('Phillip Morris', 'MorrisP@edu.ca', '212-345-6754', 10, 5),
       ('Wheetus Wallow', 'WallowW@edu.ca', '456-123-3465', 11, 6),
       ('Alfred Milona', 'MolinaA@edu.ca', '123-890-9099', 12, 6),
       ('Brenda Jude', 'JudeB@edu.ca', '789-345-1287', 13, 7),
       ('Lucy Liu', 'LiuL@edu.ca', '652-234-8097', 14, 7),
       ('Oliver West', 'WestO@edu.ca', '675-012-5643', 15, 8),
       ('Peter Parker', 'ParkerP@edu.ca', '999-999-9911', 16, 8);

INSERT INTO Student (StudentName, GradeID, ClassroomID, TeacherID)
VALUES ('Cindy Moon', 1, 1, 1),
       ('Oliver Peck', 1, 1, 1),
       ('Ralf Moon', 1, 1, 1),
       ('Wendy Swift', 1, 1, 1),
       ('Otis Willey', 1, 1, 1),
       ('Max Pinto', 1, 1, 1),
       ('Sam Sulley', 1, 1, 1),
       ('Roland Whit', 1, 1, 1),
       ('Samantha Little', 1, 1, 1), 
       ('Tina Turner', 1, 1, 1),
       ('Willow Smith', 1, 2, 2),
       ('Alley Loop', 1, 2, 2),
       ('Sam Wolf', 1, 2, 2),
       ('Ikarus Sun', 1, 2, 2),
       ('Lily Moon', 1, 2, 2),
       ('Tomas Wallow', 1, 2, 2),
       ('Ronnie Man', 1, 2, 2),
       ('Willis Thomas', 1, 2, 2),
       ('Wendy Williams', 1, 2, 2),
       ('Mindy Kalig', 1, 2, 2),
       ('Weston Morris', 2, 3, 3),
       ('Sammy Stone', 2, 3, 3),
       ('Willey Wallow', 2, 3, 3),
       ('Maximus Michaels', 2, 3, 3),
       ('Thomas Drake', 2, 3, 3),
       ('Mike Matthews', 2, 3, 3),
       ('Sammy Sosa', 2, 3, 3),
       ('Monica Lewinski', 2, 3, 3),
       ('George Bush', 2, 3, 3),
       ('Bill Clinton', 2, 3, 3),
       ('Sulley Sulenberger', 2, 4, 4),
       ('Alfred Hitchcock', 2, 4, 4),
       ('Sammy Davis', 2, 4, 4),
       ('Katherin Heigel', 2, 4, 4),
       ('Finick Goose', 2, 4, 4),
       ('Rudolp Reed', 2, 4, 4),
       ('Emily Blunt', 2, 4, 4),
       ('Mindy White', 2, 4, 4),
       ('Sirious Black', 2, 4, 4),
       ('Harry Potter', 2, 4, 4),
       ('Severous Snape', 3, 5, 5),
       ('Albous Dumbledore', 3, 5, 5),
       ('Willey Worth', 3, 5, 5),
       ('Bart Simpson', 3, 5, 5),
       ('Wacky Wolf', 3, 5, 5),
       ('Slow Ryder', 3, 5, 5),
       ('Ken Griffey', 3, 5, 5),
       ('Buck Martinez', 3, 5, 5),
       ('Ken Shaw', 3, 5, 5),
       ('Delores Wilks', 3, 5, 5),
       ('Kenny Loggins', 3, 6, 6),
       ('Sunny Moon', 3, 6, 6),
       ('Stephanie Knight', 3, 6, 6),
       ('Summar Roof', 3, 6, 6),
       ('Ricky Martin', 3, 6, 6),
       ('Taylor Swift', 3, 6, 6),
       ('Ronnie Dio', 3, 6, 6),
       ('Royce Gracie', 3, 6, 6),
       ('Ken Shamrock', 3, 6, 6),
       ('Julia Styles', 3, 6, 6),
       ('Forrest Griffin', 4, 7, 7),
       ('Rhonda Rousey', 4, 7, 7),
       ('Randy Couture', 4, 7, 7),
       ('Billy Blanks', 4, 7, 7),
       ('Bobby Flay', 4, 7, 7),
       ('Goerge Orwell', 4, 7, 7),
       ('Danielle Steele', 4, 7, 7),
       ('Katy Keurick', 4, 7, 7),
       ('Morine Blight', 4, 7, 7),
       ('Chance Green', 4, 7, 7),
       ('Alfred White', 4, 8, 8),
       ('Maurice Kits', 4, 8, 8),
       ('Victoria Willow', 4, 8, 8),
       ('Cindy Lauper', 4, 8, 8),
       ('Richard Reed', 4, 8, 8),
       ('Bruce Wayne', 4, 8, 8),
       ('Clark Kent', 4, 8, 8),
       ('Aunt May', 4, 8, 8),
       ('Unlce ben', 4, 8, 8),
       ('Wayne gretzky', 4, 8, 8),
       ('Bobby Orr', 5, 9, 9),
       ('Susan Storm', 5, 9, 9),
       ('Reed Richards', 5, 9, 9),
       ('Gracie Jane', 5, 9, 9),
       ('Milley Brown', 5, 9, 9),
       ('Michael Jackson', 5, 9, 9),
       ('Scott Turner', 5, 9, 9),
       ('Susan Michaels', 5, 9, 9),
       ('Tex Mex', 5, 9, 9),
       ('Michael Myers', 5, 9, 9),
       ('Goerge Romero', 5, 10, 10),
       ('Winney Pooh', 5, 10, 10),
       ('Richard Rabbit', 5, 10, 10),
       ('Alice Keen', 5, 10, 10),
       ('Jenny Smith', 5, 10, 10),
       ('Millard Malley', 5, 10, 10),
       ('Rhine Stone', 5, 10, 10),
       ('Alexis Macalister', 5, 10, 10),
       ('Georgina Rilley', 5, 10, 10),
       ('Luis Suarez', 5, 10, 10),
       ('David Beckham', 6, 11, 11),
       ('Wayne Rooney', 6, 11, 11),
       ('Sammy Kerr', 6, 11, 11),
       ('Janie Finch', 6, 11, 11),
       ('Maggie Gylenhal', 6, 11, 11),
       ('Raddick Moltz', 6, 11, 11),
       ('Justine Bulma', 6, 11, 11),
       ('Samantha Fox', 6, 11, 11),
       ('Mike Morris', 6, 11, 11),
       ('George Woolt', 6, 11, 11),
       ('Kristin Kay', 6, 12, 12),
       ('Maxine Schertzman', 6, 12, 12),
       ('Winney West', 6, 12, 12),
       ('Ralph Roost', 6, 12, 12),
       ('Moreen Moop', 6, 12, 12),
       ('Mike Green', 6, 12 12),
       ('Alice Snow', 6, 12, 12),
       ('Jane Austin', 6, 12, 12),
       ('Ricky Martinez', 6, 12, 12),
       ('Maxine Chernokoff', 6, 12, 12),
       ('Mink Sweet', 7, 13, 13),
       ('Big Leaf', 7, 13, 13),
       ('Running Bear', 7, 13, 13),
       ('Frosty Wind', 7, 13, 13),
       ('Jane Kruger', 7, 13, 13),
       ('Logan Willow', 7, 13, 13),
       ('Wilde West', 7, 13, 13),
       ('Morgan Mince', 7, 13, 13),
       ('Mindy Min', 7, 13, 13),
       ('Mork Bjork', 7, 13, 13),
       ('Willard Woof', 7, 14, 14),
       ('Pork Belly', 7, 14, 14),
       ('Midnight Mass', 7, 14, 14),
       ('Winston Wallace', 7, 14, 14),
       ('Bruce Dickinson', 7, 14, 14),
       ('Kathryn Kashyyk', 7, 14, 14),
       ('Luke Skywalker', 7, 14, 14),
       ('Han Solo', 7, 14, 14),
       ('Wacky Waldo', 7, 14, 14),
       ('Mackie May', 7, 14, 14),