INSERT INTO School (Name, Address, Phone, Email, Website, Principal, VicePrincipal)
VALUES ('St. Augustine Secondary School', '12675 Eagle Ave. Milton, ON', '519-805-9078', 'staug@edu.on.ca', 'www.staug.on.edu', 'Henry Rollins', 'Agatha Smith');

INSERT INTO Grade (GradeNumber, SchoolID)
VALUES (1, 1),
       (2, 1),
       (3, 1),
       (4, 1),
       (5, 1),
       (6, 1),
       (7, 1),
       (8, 1);

INSERT INTO Classroom (GradeNumber)
VALUES (1),
       (1),
       (2),
       (2),
       (3),
       (3),
       (4),
       (4),
       (5),
       (5),
       (6),
       (6),
       (7),
       (7),
       (8),
       (8);

INSERT INTO Teacher (TeacherName, Email, Phone, GradeNumber, ClassroomID)
VALUES ('Aliza Bounty', 'BountyAliz@edu.ca', '519-805-9021', 1, 1),
       ('Brenda June', 'JuneB@edu.ca', '614-809-7624', 1, 2),
       ('George Rune', 'RuneG@edu.ca', '519-908-1122', 2, 3),
       ('Helen Sharpe', 'SharpH@edu.ca', '519-234-1324', 2, 4),
       ('Ivar Rolf', 'RolfI@edu.ca', '647-909-1982', 3, 5),
       ('Jenny Poom', 'PoomJ@edu.ca', '565-000-1298', 3, 6),
       ('Karl Marx', 'MarcK@edu.ca', '675-709-2265', 4, 7),
       ('George Orwell', 'OrwellG@edu.ca', '555-555-5551', 4, 8),
       ('Nancy Drew', 'DrewN@edu.ca', '111-111-1123', 5, 9),
       ('Phillip Morris', 'MorrisP@edu.ca', '212-345-6754', 5, 10),
       ('Wheetus Wallow', 'WallowW@edu.ca', '456-123-3465', 6, 11),
       ('Alfred Milona', 'MolinaA@edu.ca', '123-890-9099', 6, 12),
       ('Brenda Jude', 'JudeB@edu.ca', '789-345-1287', 7, 13),
       ('Lucy Liu', 'LiuL@edu.ca', '652-234-8097', 7, 14),
       ('Oliver West', 'WestO@edu.ca', '675-012-5643', 8, 15),
       ('Peter Parker', 'ParkerP@edu.ca', '999-999-9911', 8, 16);


INSERT INTO Student (StudentName, GradeNumber, ClassroomID, TeacherID)
VALUES ('Cindy Moon', 1, 1, 1),
       ('Oliver Peck', 1, 1, 1),
       ('Ralf Moon', 1, 1, 1),
       ('Wendy Swift', 1, 1, 1),
       ('Otis Willey', 1, 1, 1),
       ('Max Pinto', 1, 1, 1),
       ('Sam Sulley', 1, 1, 1),
       ('Roland Whit', 1, 1, 1),
       ('Samantha Little', 1, 1, 1), 
       ('Tina Turner', 1, 1, 1),
       ('Willow Smith', 1, 2, 2),
       ('Alley Loop', 1, 2, 2),
       ('Sam Wolf', 1, 2, 2),
       ('Ikarus Sun', 1, 2, 2),
       ('Lily Moon', 1, 2, 2),
       ('Tomas Wallow', 1, 2, 2),
       ('Ronnie Man', 1, 2, 2),
       ('Willis Thomas', 1, 2, 2),
       ('Wendy Williams', 1, 2, 2),
       ('Mindy Kalig', 1, 2, 2),
       ('Weston Morris', 2, 3, 3),
       ('Sammy Stone', 2, 3, 3),
       ('Willey Wallow', 2, 3, 3),
       ('Maximus Michaels', 2, 3, 3),
       ('Thomas Drake', 2, 3, 3),
       ('Mike Matthews', 2, 3, 3),
       ('Sammy Sosa', 2, 3, 3),
       ('Monica Lewinski', 2, 3, 3),
       ('George Bush', 2, 3, 3),
       ('Bill Clinton', 2, 3, 3),
       ('Sulley Sulenberger', 2, 4, 4),
       ('Alfred Hitchcock', 2, 4, 4),
       ('Sammy Davis', 2, 4, 4),
       ('Katherin Heigel', 2, 4, 4),
       ('Finick Goose', 2, 4, 4),
       ('Rudolp Reed', 2, 4, 4),
       ('Emily Blunt', 2, 4, 4),
       ('Mindy White', 2, 4, 4),
       ('Sirious Black', 2, 4, 4),
       ('Harry Potter', 2, 4, 4),
       ('Severous Snape', 3, 5, 5),
       ('Albous Dumbledore', 3, 5, 5),
       ('Willey Worth', 3, 5, 5),
       ('Bart Simpson', 3, 5, 5),
       ('Wacky Wolf', 3, 5, 5),
       ('Slow Ryder', 3, 5, 5),
       ('Ken Griffey', 3, 5, 5),
       ('Buck Martinez', 3, 5, 5),
       ('Ken Shaw', 3, 5, 5),
       ('Delores Wilks', 3, 5, 5),
       ('Kenny Loggins', 3, 6, 6),
       ('Sunny Moon', 3, 6, 6),
       ('Stephanie Knight', 3, 6, 6),
       ('Summar Roof', 3, 6, 6),
       ('Ricky Martin', 3, 6, 6),
       ('Taylor Swift', 3, 6, 6),
       ('Ronnie Dio', 3, 6, 6),
       ('Royce Gracie', 3, 6, 6),
       ('Ken Shamrock', 3, 6, 6),
       ('Julia Styles', 3, 6, 6),
       ('Forrest Griffin', 4, 7, 7),
       ('Rhonda Rousey', 4, 7, 7),
       ('Randy Couture', 4, 7, 7),
       ('Billy Blanks', 4, 7, 7),
       ('Bobby Flay', 4, 7, 7),
       ('Goerge Orwell', 4, 7, 7),
       ('Danielle Steele', 4, 7, 7),
       ('Katy Keurick', 4, 7, 7),
       ('Morine Blight', 4, 7, 7),
       ('Chance Green', 4, 7, 7),
       ('Alfred White', 4, 8, 8),
       ('Maurice Kits', 4, 8, 8),
       ('Victoria Willow', 4, 8, 8),
       ('Cindy Lauper', 4, 8, 8),
       ('Richard Reed', 4, 8, 8),
       ('Bruce Wayne', 4, 8, 8),
       ('Clark Kent', 4, 8, 8),
       ('Aunt May', 4, 8, 8),
       ('Unlce ben', 4, 8, 8),
       ('Wayne gretzky', 4, 8, 8),
       ('Bobby Orr', 5, 9, 9),
       ('Susan Storm', 5, 9, 9),
       ('Reed Richards', 5, 9, 9),
       ('Gracie Jane', 5, 9, 9),
       ('Milley Brown', 5, 9, 9),
       ('Michael Jackson', 5, 9, 9),
       ('Scott Turner', 5, 9, 9),
       ('Susan Michaels', 5, 9, 9),
       ('Tex Mex', 5, 9, 9),
       ('Michael Myers', 5, 9, 9),
       ('Goerge Romero', 5, 10, 10),
       ('Winney Pooh', 5, 10, 10),
       ('Richard Rabbit', 5, 10, 10),
       ('Alice Keen', 5, 10, 10),
       ('Jenny Smith', 5, 10, 10),
       ('Millard Malley', 5, 10, 10),
       ('Rhine Stone', 5, 10, 10),
       ('Alexis Macalister', 5, 10, 10),
       ('Georgina Rilley', 5, 10, 10),
       ('Luis Suarez', 5, 10, 10),
       ('David Beckham', 6, 11, 11),
       ('Wayne Rooney', 6, 11, 11),
       ('Sammy Kerr', 6, 11, 11),
       ('Janie Finch', 6, 11, 11),
       ('Maggie Gylenhal', 6, 11, 11),
       ('Raddick Moltz', 6, 11, 11),
       ('Justine Bulma', 6, 11, 11),
       ('Samantha Fox', 6, 11, 11),
       ('Mike Morris', 6, 11, 11),
       ('George Woolt', 6, 11, 11),
       ('Kristin Kay', 6, 12, 12),
       ('Maxine Schertzman', 6, 12, 12),
       ('Winney West', 6, 12, 12),
       ('Ralph Roost', 6, 12, 12),
       ('Moreen Moop', 6, 12, 12),
     
       ('Mink Sweet', 7, 13, 13),
       ('Big Leaf', 7, 13, 13),
       ('Running Bear', 7, 13, 13),
       ('Frosty Wind', 7, 13, 13),
       ('Jane Kruger', 7, 13, 13),
       ('Logan Willow', 7, 13, 13),
       ('Wilde West', 7, 13, 13),
       ('Morgan Mince', 7, 13, 13),
       ('Mindy Min', 7, 13, 13),
       ('Mork Bjork', 7, 13, 13),
       ('Willard Woof', 7, 14, 14),
       ('Pork Belly', 7, 14, 14),
       ('Midnight Mass', 7, 14, 14),
       ('Winston Wallace', 7, 14, 14),
       ('Bruce Dickinson', 7, 14, 14),
       ('Kathryn Kashyyk', 7, 14, 14),
       ('Luke Skywalker', 7, 14, 14),
       ('Han Solo', 7, 14, 14),
       ('Wacky Waldo', 7, 14, 14),
       ('Mackie May', 7, 14, 14),
       ('Lucas Pho', 8, 15, 15),
       ('Jane Phillips', 8, 15, 15),
       ('Lana Ray', 8, 15, 15),
       ('Marty Mcfly', 8, 15, 15),
       ('Shane Morris', 8, 15, 15),
       ('Ian Worley', 8, 15, 15),
       ('Mandy Kurry', 8, 15, 15),
       ('Marlene Suggz', 8, 15, 15),
       ('Aldina Happy', 8, 15, 15),
       ('Felicity Smoak', 8, 15, 15),
       ('Ralph Steins', 8, 16, 16),
       ('Minny Driver', 8, 16, 16),
       ('Angelica Max', 8, 16, 16),
       ('Ray Stevenson', 8, 16, 16),
       ('Steven Harper', 8, 16, 16),
       ('Ivan Astonov', 8, 16, 16),
       ('Cheely Stoll', 8, 16, 16),
       ('Wanda Sikes', 8, 16, 16),
       ('Olav Iksev', 8, 16, 16),
       ('Mopus Dopus', 8, 16, 16);
        
      

INSERT INTO Subject (SubjectName)
VALUES ("Math"),
       ('English'),
       ('Science'),
       ('History');

INSERT INTO Mark (StudentID, SubjectID, MarkValue)
VALUES (1, 1, 90),
       (1, 1, 85),
       (1, 1, 70),
       (1, 2, 40),
       (1, 2, 85),
       (1, 2, 75),
       (1, 3, 80),
       (1, 3, 90),
       (1, 3, 77),
       (1, 4, 80),
       (1, 4, 90),
       (1, 4, 77),
       (2, 1, 65),
       (2, 1, 88),
       (2, 1, 76),
       (2, 2, 80),
       (2, 2, 90),
       (2, 2, 86),
       (2, 3, 87),
       (2, 3, 76),
       (2, 3, 90),
       (2, 4, 88),
       (2, 4, 82),
       (2, 4, 89),
       (3, 1, 38),
       (3, 1, 65),
       (3, 1, 72),
       (3, 2, 84),
       (3, 2, 77),
       (3, 2, 67),
       (3, 3, 65),
       (3, 3, 58),
       (3, 3, 79),
       (3, 4, 92),
       (3, 4, 86),
       (3, 4, 79),
       (4, 1, 74),
       (4, 1, 96),
       (4, 1, 75),
       (4, 2, 88),
       (4, 2, 82),
       (4, 2, 79),
       (4, 3, 72),
       (4, 3, 69),
       (4, 3, 84),
       (4, 4, 81),
       (4, 4, 78),
       (4, 4, 91),
       (5, 1, 83),
       (5, 1, 76),
       (5, 1, 68),
       (5, 2, 74),
       (5, 2, 85),
       (5, 2, 88),
       (5, 3, 72),
       (5, 3, 77),
       (5, 3, 80),
       (5, 4, 76),
       (5, 4, 81),
       (5, 4, 88),
       (6, 1, 25),
       (6, 1, 42),
       (6, 1, 50),
       (6, 2, 48),
       (6, 2, 55),
       (6, 2, 60),
       (6, 3, 68),
       (6, 3, 72),
       (6, 3, 48),
       (6, 4, 55),
       (6, 4, 60),
       (6, 4, 55),
       (7, 1, 72),
       (7, 1, 68),
       (7, 1, 68),
       (7, 2, 65),
       (7, 2, 77),
       (7, 2, 81),
       (7, 3, 65),
       (7, 3, 71),
       (7, 3, 68),
       (7, 4, 43),
       (7, 4, 65),
       (7, 4, 82),
       (8, 1, 85),
       (8, 1, 78),
       (8, 1, 72),
       (8, 2, 65),
       (8, 2, 76),
       (8, 2, 82),
       (8, 3, 64),
       (8, 3, 90),
       (8, 3, 82),
       (8, 4, 79),
       (8, 4, 81),
       (8, 4, 93),
       (9, 1, 61),
       (9, 1, 74),
       (9, 1, 59),
       (9, 2, 65),
       (9, 2, 71),
       (9, 2, 80),
       (9, 3, 72),
       (9, 3, 79),
       (9, 3, 76),
       (9, 4, 81),
       (9, 4, 62),
       (9, 4, 75),
       (10, 1, 63),
       (10, 1, 96),
       (10, 1, 77),
       (10, 2, 68),
       (10, 2, 75),
       (10, 2, 45),
       (10, 3, 94),
       (10, 3, 85),
       (10, 3, 80),
       (10, 4, 77),
       (10, 4, 68),
       (10, 4, 81),
       (11, 1, 45),
       (11, 1, 55),
       (11, 1, 72),
       (11, 2, 48),
       (11, 2, 73),
       (11, 2, 83),
       (11, 3, 74),
       (11, 3, 67),
       (11, 3, 81),
       (11, 4, 64),
       (11, 4, 59),
       (11, 4, 61),
       (12, 1, 66),
       (12, 1, 84),
       (12, 1, 59),
       (12, 2, 72),
       (12, 2, 68),
       (12, 2, 74),
       (12, 3, 80),
       (12, 3, 74),
       (12, 3, 88),
       (12, 4, 69),
       (12, 4, 77),
       (12, 4, 82),
       (13, 1, 55),
       (13, 1, 67),
       (13, 1, 72),
       (13, 2, 66),
       (13, 2, 81),
       (13, 2, 75),
       (13, 3, 62),
       (13, 3, 72),
       (13, 3, 77),
       (13, 4, 59),
       (13, 4, 61),
       (13, 4, 77),
       (14, 1, 75),
       (14, 1, 88),
       (14, 1, 61),
       (14, 2, 79),
       (14, 2, 51), 
       (14, 2, 66),
       (14, 3, 41),
       (14, 3, 44),
       (14, 3, 71),
       (14, 4, 34),
       (14, 4, 55),
       (14, 4, 48),
       (15, 1, 49),
       (15, 1, 66),
       (15, 1, 55),
       (15, 2, 48),
       (15, 2, 71),
       (15, 2, 68),
       (15, 3, 77),
       (15, 3, 88),
       (15, 3, 52),
       (15, 4, 48),
       (15, 4, 66),
       (15, 4, 81),
       (16, 1, 77),
       (16, 1, 82),
       (16, 1, 45),
       (16, 2, 68),
       (16, 2, 84),
       (16, 2, 71),
       (16, 3, 66),
       (16, 3, 71),
       (16, 3, 88),
       (16, 4, 77),
       (16, 4, 25),
       (16, 4, 58),
       (17, 1, 33),
       (17, 1, 66),
       (17, 1, 72),
       (17, 2, 66),
       (17, 2, 88),
       (17, 2, 74),
       (17, 3, 55),
       (17, 3, 76),
       (17, 3, 69),
       (17, 4, 91),
       (17, 4, 71),
       (17, 4, 82),
         (18, 1, 66),
         (18, 1, 77),
         (18, 1, 88),
         (18, 2, 66),
         (18, 2, 77),
         (18, 2, 88),
         (18, 3, 66),
         (18, 3, 77),
         (18, 3, 88),
         (18, 4, 66),
         (18, 4, 77),
         (18, 4, 88),
         (19, 1, 66),
         (19, 1, 77),
         (19, 1, 88),
         (19, 2, 66),
         (19, 2, 77),
         (19, 2, 88),
         (19, 3, 66),
         (19, 3, 77),
         (19, 3, 88),
         (19, 4, 66),
         (19, 4, 77),
         (19, 4, 88),
         (20, 1, 66),
         (20, 1, 77),
         (20, 1, 88),
         (20, 2, 66),
         (20, 2, 77),
         (20, 2, 88),
         (20, 3, 66),
         (20, 3, 77),
         (20, 3, 88),
         (20, 4, 66),
         (20, 4, 77),
         (20, 4, 88),
         (21, 1, 66),
         (21, 1, 77),
         (21, 1, 88),
         (21, 2, 66),
         (21, 2, 77),
         (21, 2, 88),
         (21, 3, 66),
         (21, 3, 77),
         (21, 3, 88),
         (21, 4, 66),
         (21, 4, 77),
         (21, 4, 88),
         (22, 1, 66),
         (22, 1, 77),
            (22, 1, 88),
            (22, 2, 66),
            (22, 2, 77),
            (22, 2, 88),
            (22, 3, 66),
            (22, 3, 77),
            (22, 3, 88),
            (22, 4, 66),
            (22, 4, 77),
            (22, 4, 88),
            (23, 1, 66),
            (23, 1, 77),
            (23, 1, 88),
            (23, 2, 66),
            (23, 2, 77),
            (23, 2, 88),
            (23, 3, 66),
            (23, 3, 77),
            (23, 3, 88),
            (23, 4, 66),
            (23, 4, 77),
            (23, 4, 88),
            (24, 1, 66),
            (24, 1, 77),
            (24, 1, 88),
            (24, 2, 66),
            (24, 2, 77),
            (24, 2, 88),
            (24, 3, 66),
            (24, 3, 77),
            (24, 3, 88),
            (24, 4, 66),
            (24, 4, 77),
            (24, 4, 88),
            (25, 1, 66),
            (25, 1, 77),
            (25, 1, 88),
            (25, 2, 66),
            (25, 2, 77),
            (25, 2, 88),
            (25, 3, 66),
            (25, 3, 77),
            (25, 3, 88),
            (25, 4, 66),
            (25, 4, 77),
            (25, 4, 88),
            (26, 1, 66),
            (26, 1, 77),
            (26, 1, 88),
            (26, 2, 66),
            (26, 2, 77),
            (26, 2, 88),
            (26, 3, 66),
            (26, 3, 77),
            (26, 3, 88),
            (26, 4, 66),
            (26, 4, 77),
            (26, 4, 88),
            (27, 1, 66),
            (27, 1, 77),
            (27, 1, 88),
            (27, 2, 66),
            (27, 2, 77),
            (27, 2, 88),
            (27, 3, 66),
            (27, 3, 77),
            (27, 3, 88),
            (27, 4, 66),
            (27, 4, 77),
            (27, 4, 88),
            (28, 1, 66),
            (28, 1, 77),
            (28, 1, 88),
            (28, 2, 66),
            (28, 2, 77),
            (28, 2, 88),
            (28, 3, 66),
            (28, 3, 77),
            (28, 3, 88),
            (28, 4, 66),
            (28, 4, 77),
            (28, 4, 88),
            (29, 1, 66),
            (29, 1, 77),
            (29, 1, 88),
            (29, 2, 66),
            (29, 2, 77),
            (29, 2, 88),
            (29, 3, 66),
            (29, 3, 77),
            (29, 3, 88),
            (29, 4, 66),
            (29, 4, 77),
            (29, 4, 88),
            (30, 1, 66),
            (30, 1, 77),
            (30, 1, 88),
            (30, 2, 66),
            (30, 2, 77),
            (30, 2, 88),
            (30, 3, 66),
            (30, 3, 77),
            (30, 3, 88),
            (30, 4, 66),
            (30, 4, 77),
            (30, 4, 88),
            (31, 1, 66),
            (31, 1, 77),
            (31, 1, 88),
            (31, 2, 66),
            (31, 2, 77),
            (31, 2, 88),
            (31, 3, 66),
            (31, 3, 77),
            (31, 3, 88),
            (31, 4, 66),
            (31, 4, 77),
            (31, 4, 88),
            (32, 1, 66),
            (32, 1, 77),
            (32, 1, 88),
            (32, 2, 66),
            (32, 2, 77),
            (32, 2, 88),
            (32, 3, 66),
            (32, 3, 77),
            (32, 3, 88),
            (32, 4, 66),
            (32, 4, 77),
            (32, 4, 88),
            (33, 1, 66),
            (33, 1, 77),
            (33, 1, 88),
            (33, 2, 66),
            (33, 2, 77),
            (33, 2, 88),
            (33, 3, 66),
            (33, 3, 77),
            (33, 3, 88),
            (33, 4, 66),
            (33, 4, 77),
            (33, 4, 88),
            (34, 1, 66),
            (34, 1, 77),
            (34, 1, 88),
            (34, 2, 66),
            (34, 2, 77),
            (34, 2, 88),
            (34, 3, 66),
            (34, 3, 77),
            (34, 3, 88),
            (34, 4, 66),
            (34, 4, 77),
            (34, 4, 88),
            (35, 1, 66),
            (35, 1, 77),
            (35, 1, 88),
            (35, 2, 66),
            (35, 2, 77),
            (35, 2, 88),
            (35, 3, 66),
            (35, 3, 77),
            (35, 3, 88),
            (35, 4, 66),
            (35, 4, 77),
            (35, 4, 88),
            (36, 1, 66),
            (36, 1, 77),
            (36, 1, 88),
            (36, 2, 66),
            (36, 2, 77),
            (36, 2, 88),
            (36, 3, 66),
            (36, 3, 77),
            (36, 3, 88),
            (36, 4, 66),
            (36, 4, 77),
            (36, 4, 88),
            (37, 1, 66),
            (37, 1, 77),
            (37, 1, 88),
            (37, 2, 66),
            (37, 2, 77),
            (37, 2, 88),
            (37, 3, 66),
            (37, 3, 77),
            (37, 3, 88),
            (37, 4, 66),
            (37, 4, 77),
            (37, 4, 88),
            (38, 1, 66),
            (38, 1, 77),
            (38, 1, 88),
            (38, 2, 66),
            (38, 2, 77),
            (38, 2, 88),
            (38, 3, 66),
            (38, 3, 77),
            (38, 3, 88),
            (38, 4, 66),
            (38, 4, 22),
            (38, 4, 59),
            (39, 1, 34),
            (39, 1, 62),
            (39, 1, 45),
            (39, 2, 66),
            (39, 2, 78),
            (39, 2, 91),
            (39, 3, 88),
            (39, 3, 71),
            (39, 3, 68),
            (39, 4, 74),
            (39, 4, 89),
            (39, 4, 77),
            (40, 1, 58),
            (40, 1, 67),
            (40, 1, 59),
            (40, 2, 66),
            (40, 2, 62),
            (40, 2, 71),
            (40, 3, 77),
            (40, 3, 68),
            (40, 3, 59),
            (40, 4, 71),
            (40, 4, 67),
            (40, 4, 59),
            (41, 1, 77),
            (41, 1, 67),
            (41, 1, 77),
            (41, 2, 67),
            (41, 2, 56),
            (41, 2, 82),
            (41, 3, 74),
            (41, 3, 71),
            (41, 3, 69),
            (41, 4, 48),
            (41, 4, 62),
            (41, 4, 74),
            (42, 1, 45),
            (42, 1, 88),
            (42, 1, 72),
            (42, 2, 72),
            (42, 2, 66),
            (42, 2, 49),
            (42, 3, 64),
            (42, 3, 71),
            (42, 3, 55),
            (42, 4, 82),
            (42, 4, 72),
            (42, 4, 71),
            (43, 1, 91),
            (43, 1, 69),
            (43, 1, 70),
            (43, 2, 88),
            (43, 2, 78),
            (43, 2, 59),
            (43, 3, 69),
            (43, 3, 78),
            (43, 3, 81),
            (43, 4, 69),
            (43, 4, 81),
            (43, 4, 60),
            (44, 1, 59),
            (44, 1, 68),
            (44, 1, 39),
            (44, 2, 58),
            (44, 2, 67),
            (44, 2, 87),
            (44, 3, 71),
            (44, 3, 65),
            (44, 3, 51),
            (44, 4, 81),
            (44, 4, 71),
            (44, 4, 43),
            (45, 1, 48),
            (45, 1, 67),
            (45, 1, 78),
            (45, 2, 81),
            (45, 2, 72),
            (45, 2, 69),
            (45, 3, 68),
            (45, 3, 71),
            (45, 3, 73),
            (45, 4, 66),
            (45, 4, 81),
            (45, 4, 44),
            (46, 1, 48),
            (46, 1, 71),
            (46, 1, 65),
            (46, 2, 77),
            (46, 2, 71),
            (46, 2, 69),
            (46, 3, 71),
            (46, 3, 55),
            (46, 3, 61),
            (46, 4, 69),
            (46, 4, 88),
            (46, 4, 51),
            (47, 1, 39),
            (47, 1, 50),
            (47, 1, 49),
            (47, 2, 48),
            (47, 2, 61),
            (47, 2, 59),
            (47, 3, 71),
            (47, 3, 54),
            (47, 3, 49),
            (47, 4, 61),
            (47, 4, 55),
            (47, 4, 71),
            (48, 1, 33),
            (48, 1, 49),
            (48, 1, 61),
            (48, 2, 55),
            (48, 2, 66),
            (48, 2, 71),
            (48, 3, 49),
            (48, 3, 61),
            (48, 3, 55),
            (48, 4, 71),
            (48, 4, 66),
            (48, 4, 71),
            (49, 1, 29),
            (49, 1, 66),
            (49, 1, 73),
            (49, 2, 81),
            (49, 2, 83),
            (49, 2, 66),
            (49, 3, 51),
            (49, 3, 62),
            (49, 3, 48),
            (49, 4, 55),
            (49, 4, 71),
            (49, 4, 59),
            (50, 1, 68),
            (50, 1, 72),
            (50, 1, 79),
            (50, 2, 81),
            (50, 2, 61),
            (50, 2, 56),
            (50, 3, 71),
            (50, 3, 68),
            (50, 3, 81),
            (50, 4, 44),
            (50, 4, 72),
            (50, 4, 61),
            (51, 1, 88),
            (51, 1, 72),
            (51, 1, 66),
            (51, 2, 77),
            (51, 2, 67),
            (51, 2, 45),
            (51, 3, 61),
            (51, 3, 55),
            (51, 3, 81),
            (51, 4, 77),
            (51, 4, 92),
            (51, 4, 84),
            (52, 1, 45),
            (52, 1, 63),
            (52, 1, 73),
            (52, 2, 66),
            (52, 2, 71),
            (52, 2, 84),
            (52, 3, 77),
            (52, 3, 88),
            (52, 3, 69),
            (52, 4, 81),
            (52, 4, 76),
            (52, 4, 68),
            (53, 1, 33),
            (53, 1, 59),
            (53, 1, 71),
            (53, 2, 66),
            (53, 2, 78),
            (53, 2, 60),
            (53, 3, 59),
            (53, 3, 62),
            (53, 3, 77),
            (53, 4, 55),
            (53, 4, 68),
            (53, 4, 84),
            (54, 1, 63),
            (54, 1, 74),
            (54, 1, 66),
            (54, 2, 71),
            (54, 2, 80),
            (54, 2, 66),
            (54, 3, 78),
            (54, 3, 66),
            (54, 3, 79),
            (54, 4, 87),
            (54, 4, 71),
            (54, 4, 66),
            (55, 1, 44),
            (55, 1, 61),
            (55, 1, 59),
            (55, 2, 71),
            (55, 2, 65),
            (55, 2, 90),
            (55, 3, 79),
            (55, 3, 81),
            (55, 3, 69),
            (55, 4, 40),
            (55, 4, 76),
            (55, 4, 59),
            (56, 1, 46),
            (56, 1, 58),
            (56, 1, 71),
            (56, 2, 56),
            (56, 2, 71),
            (56, 2, 60),
            (56, 3, 51),
            (56, 3, 72),
            (56, 3, 80),
            (56, 4, 48),
            (56, 4, 61),
            (56, 4, 55),
            (57, 1, 38),
            (57, 1, 61),
            (57, 1, 55),
            (57, 2, 81),
            (57, 2, 77),
            (57, 2, 64),
            (57, 3, 77),
            (57, 3, 71),
            (57, 3, 80),
            (57, 4, 66),
            (57, 4, 71),
            (57, 4, 77),
            (58, 1, 49),
            (58, 1, 65),
            (58, 1, 77),
            (58, 2, 69),
            (58, 2, 77),
            (58, 2, 61),
            (58, 3, 77),
            (58, 3, 68),
            (58, 3, 81),
            (58, 4, 49),
            (58, 4, 71),
            (58, 4, 55),
            (59, 1, 43),
            (59, 1, 38),
            (59, 1, 62),
            (59, 2, 77),
            (59, 2, 61),
            (59, 2, 58),
            (59, 3, 71),
            (59, 3, 65),
            (59, 3, 82),
            (59, 4, 19),
            (59, 4, 51),
            (59, 4, 61),
            (60, 1, 50),
            (60, 1, 55),
            (60, 1, 62),
            (60, 2, 71),
            (60, 2, 66),
            (60, 2, 51),
            (60, 3, 77),
            (60, 3, 68),
            (60, 3, 67),
            (60, 4, 59),
            (60, 4, 44),
            (60, 4, 71),
            (61, 1, 59),
            (61, 1, 72),
            (61, 1, 69),
            (61, 2, 66),
            (61, 2, 81),
            (61, 2, 75),
            (61, 3, 66),
            (61, 3, 71),
            (61, 3, 81),
            (61, 4, 61),
            (61, 4, 73),
            (61, 4, 55),
            (62, 1, 42),
            (62, 1, 48),
            (62, 1, 55),
            (62, 2, 71),
            (62, 2, 88),
            (62, 2, 71),
            (62, 3, 66),
            (62, 3, 51),
            (62, 3, 72),
            (62, 4, 91),
            (62, 4, 76),
            (62, 4, 84),
            (63, 1, 29),
            (63, 1, 63),
            (63, 1, 59),
            (63, 2, 77),
            (63, 2, 88),
            (63, 2, 79),
            (63, 3, 72),
            (63, 3, 69),
            (63, 3, 51),
            (63, 4, 39),
            (63, 4, 45),
            (63, 4, 56),
            (64, 1, 39),
            (64, 1, 66),
            (64, 1, 53),
            (64, 2, 77),
            (64, 2, 71),
            (64, 2, 58),
            (64, 3, 77),
            (64, 3, 81),
            (64, 3, 77),
            (64, 4, 51),
            (64, 4, 89),
            (64, 4, 55),
            (65, 1, 48),
            (65, 1, 73),
            (65, 1, 68),
            (65, 2, 81),
            (65, 2, 68),
            (65, 2, 55),
            (65, 3, 77),
            (65, 3, 71),
            (65, 3, 69),
            (65, 4, 48),
            (65, 4, 61),
            (65, 4, 73),
            (66, 1, 62),
            (66, 1, 52),
            (66, 1, 48),
            (66, 2, 72),
            (66, 2, 59),
            (66, 2, 74),
            (66, 3, 61),
            (66, 3, 69),
            (66, 3, 72),
            (66, 4, 91),
            (66, 4, 68),
            (66, 4, 34),
            (67, 1, 88),
            (67, 1, 58),
            (67, 1, 74),
            (67, 2, 61),
            (67, 2, 88),
            (67, 2, 61),
            (67, 3, 70),
            (67, 3, 69),
            (67, 3, 51),
            (67, 4, 39),
            (67, 4, 61),
            (67, 4, 82),
            (68, 1, 55),
            (68, 1, 72),
            (68, 1, 76),
            (68, 2, 44),
            (68, 2, 61),
            (68, 2, 77),
            (68, 3, 65),
            (68, 3, 71),
            (68, 3, 55),
            (68, 4, 33),
            (68, 4, 69),
            (68, 4, 51),
            (69, 1, 19),
            (69, 1, 32),
            (69, 1, 48),
            (69, 2, 61),
            (69, 2, 71),
            (69, 2, 56),
            (69, 3, 61),
            (69, 3, 72),
            (69, 3, 66),
            (69, 4, 55),
            (69, 4, 61),
            (69, 4, 77),
            (70, 1, 58),
            (70, 1, 61),
            (70, 1, 39),
            (70, 2, 67),
            (70, 2, 74),
            (70, 2, 82),
            (70, 3, 66),
            (70, 3, 45),
            (70, 3, 77),
            (70, 4, 82),
            (70, 4, 61),
            (70, 4, 94),
            (71, 1, 63),
            (71, 1, 77),
            (71, 1, 84),
            (71, 2, 91),
            (71, 2, 77),
            (71, 2, 69),
            (71, 3, 72),
            (71, 3, 68),
            (71, 3, 68),
            (71, 4, 88),
            (71, 4, 72),
            (71, 4, 69),
            (72, 1, 44),
            (72, 1, 71),
            (72, 1, 64),
            (72, 2, 66),
            (72, 2, 61),
            (72, 2, 84),
            (72, 3, 71),
            (72, 3, 96),
            (72, 3, 84),
            (72, 4, 61),
            (72, 4, 77),
            (72, 4, 81),
            (73, 1, 66),
            (73, 1, 25),
            (73, 1, 72),
            (73, 2, 45),
            (73, 2, 71),
            (73, 2, 55),
            (73, 3, 56),
            (73, 3, 66),
            (73, 3, 78),
            (73, 4, 28),
            (73, 4, 54),
            (73, 4, 51),
            (74, 1, 61),
            (74, 1, 48),
            (74, 1, 67),
            (74, 2, 77),
            (74, 2, 88),
            (74, 2, 71),
            (74, 3, 56),
            (74, 3, 88),
            (74, 3, 71),
            (74, 4, 49),
            (74, 4, 81),
            (74, 4, 69),
            (75, 1, 66),
            (75, 1, 51),
            (75, 1, 82),
            (75, 2, 77),
            (75, 2, 61),
            (75, 2, 73),
            (75, 3, 61),
            (75, 3, 68),
            (75, 3, 81),
            (75, 4, 55),
            (75, 4, 71),
            (75, 4, 48),
            (76, 1, 61),
            (76, 1, 66),
            (76, 1, 58),
            (76, 2, 48),
            (76, 2, 71),
            (76, 2, 62),
            (76, 3, 61),
            (76, 3, 69),
            (76, 3, 51),
            (76, 4, 71),
            (76, 4, 44),
            (76, 4, 71),
            (77, 1, 46),
            (77, 1, 51), 
            (77, 1, 62),
            (77, 2, 56),
            (77, 2, 71),
            (77, 2, 71),
            (77, 3, 48),
            (77, 3, 51),
            (77, 3, 78),
            (77, 4, 71),
            (77, 4, 61),
            (77, 4, 88),
            (78, 1, 42),
            (78, 1, 51), 
            (78, 1, 71),
            (78, 2, 49),
            (78, 2, 71),
            (78, 2, 71),
            (78, 3, 61),
            (78, 3, 65),
            (78, 3, 49),
            (78, 4, 55),
            (78, 4, 84),
            (78, 4, 77),
            (79, 1, 26),
            (79, 1, 39),
            (79, 1, 61),
            (79, 2, 66),
            (79, 2, 71),
            (79, 2, 51),
            (79, 3, 77),
            (79, 3, 81),
            (79, 3, 91),
            (79, 4, 55),
            (79, 4, 55),
            (79, 4, 73),
            (80, 1, 39),
            (80, 1, 65),
            (80, 1, 76),
            (80, 2, 55),
            (80, 2, 61),
            (80, 2, 75),
            (80, 3, 61),
            (80, 3, 51),
            (80, 3, 71),
            (80, 4, 65),
            (80, 4, 71),
            (80, 4, 61),
            (81, 1, 44),
            (81, 1, 62),
            (81, 1, 78),
            (81, 2, 40),
            (81, 2, 71),
            (81, 2, 77),
            (81, 3, 61),
            (81, 3, 72),
            (81, 3, 88),
            (81, 4, 56),
            (81, 4, 71),
            (81, 4, 68),
            (82, 1, 65),
            (82, 1, 71),
            (82, 1, 82),
            (82, 2, 49),
            (82, 2, 71),
            (82, 2, 55),
            (82, 3, 49),
            (82, 3, 61),
            (82, 3, 77),
            (82, 4, 50),
            (82, 4, 77),
            (82, 4, 61),
            (83, 1, 48),
            (83, 1, 67),
            (83, 1, 58),
            (83, 2, 77),
            (83, 2, 61),
            (83, 2, 59),
            (83, 3, 78),
            (83, 3, 69),
            (83, 3, 77),
            (83, 4, 47),
            (83, 4, 71),
            (83, 4, 62),
            (84, 1, 55),
            (84, 1, 61),
            (84, 1, 71),
            (84, 2, 58),
            (84, 2, 71),
            (84, 2, 55),
            (84, 3, 61),
            (84, 3, 77),
            (84, 3, 81),
            (84, 4, 71),
            (84, 4, 55),
            (84, 4, 68),
            (85, 1, 51),
            (85, 1, 69),
            (85, 1, 72),
            (85, 2, 38),
            (85, 2, 72),
            (85, 2, 62),
            (85, 3, 44),
            (85, 3, 61),
            (85, 3, 77),
            (85, 4, 88),
            (85, 4, 51),
            (85, 4, 44),
            (86, 1, 59),
            (86, 1, 66),
            (86, 1, 42),
            (86, 2, 88),
            (86, 2, 71),
            (86, 2, 59),
            (86, 3, 61),
            (86, 3, 44),
            (86, 3, 42),
            (86, 4, 67),
            (86, 4, 71),
            (86, 4, 81),
            (87, 1, 49),
            (87, 1, 24),
            (87, 1, 55),
            (87, 2, 59),
            (87, 2, 71),
            (87, 2, 68),
            (87, 3, 56),
            (87, 3, 32),
            (87, 3, 81),
            (87, 4, 66),
            (87, 4, 71),
            (87, 4, 52),
            (88, 1, 45),
            (88, 1, 69),
            (88, 1, 82),
            (88, 2, 62),
            (88, 2, 49),
            (88, 2, 61),
            (88, 3, 49),
            (88, 3, 71),
            (88, 3, 71),
            (88, 4, 59),
            (88, 4, 81),
            (88, 4, 61),
            (89, 1, 38),
            (89, 1, 51),
            (89, 1, 66),
            (89, 2, 61),
            (89, 2, 71),
            (89, 2, 76),
            (89, 3, 49),
            (89, 3, 91),
            (89, 3, 66),
            (89, 4, 58),
            (89, 4, 55),
            (89, 4, 71),
            (90, 1, 33),
            (90, 1, 61),
            (90, 1, 49),
            (90, 2, 48),
            (90, 2, 76),
            (90, 2, 77),
            (90, 3, 49),
            (90, 3, 77),
            (90, 3, 67),
            (90, 4, 55),
            (90, 4, 51),
            (90, 4, 71),
            (91, 1, 44),
            (91, 1, 67),
            (91, 1, 77),
            (91, 2, 71),
            (91, 2, 68),
            (91, 2, 77),
            (91, 3, 59),
            (91, 3, 71),
            (91, 3, 68),
            (91, 4, 66),
            (91, 4, 71),
            (91, 4, 77),
            (92, 1, 63),
            (92, 1, 88),
            (92, 1, 72),
            (92, 2, 66),
            (92, 2, 71),
            (92, 2, 68), 
            (92, 3, 88),
            (92, 3, 81),
            (92, 3, 61),
            (92, 4, 70),
            (92, 4, 86),
            (92, 4, 59),
            (93, 1, 55),
            (93, 1, 72),
            (93, 1, 68),
            (93, 2, 61),
            (93, 2, 83),
            (93, 2, 77),
            (93, 3, 71),
            (93, 3, 88),
            (93, 3, 91),
            (93, 4, 24),
            (93, 4, 81),
            (93, 4, 71),
            (94, 1, 37),
            (94, 1, 62),
            (94, 1, 55),
            (94, 2, 87),
            (94, 2, 67),
            (94, 2, 74),
            (94, 3, 68),
            (94, 3, 53),
            (94, 3, 28),
            (94, 4, 41),
            (94, 4, 55),
            (94, 4, 85),
            (95, 1, 44),
            (95, 1, 73),
            (95, 1, 49),
            (95, 2, 67),
            (95, 2, 71),
            (95, 2, 74),
            (95, 3, 71),
            (95, 3, 61),
            (95, 3, 79),
            (95, 4, 73),
            (95, 4, 48),
            (95, 4, 91),
            (96, 1, 48),
            (96, 1, 38),
            (96, 1, 82),
            (96, 2, 62),
            (96, 2, 74),
            (96, 2, 77),
            (96, 3, 49),
            (96, 3, 71),
            (96, 3, 68),
            (96, 4, 61),
            (96, 4, 50),
            (96, 4, 83),
            (97, 1, 44),
            (97, 1, 59),
            (97, 1, 74),
            (97, 2, 67),
            (97, 2, 59),
            (97, 2, 81),
            (97, 3, 67),
            (97, 3, 61),
            (97, 3, 13),
            (97, 4, 55),
            (97, 4, 67),
            (97, 4, 88),
            (98, 1, 49),
            (98, 1, 34),
            (98, 1, 72),
            (98, 2, 54),
            (98, 2, 44),
            (98, 2, 61),
            (98, 3, 55),
            (98, 3, 71),
            (98, 3, 61), 
            (98, 4, 32),
            (98, 4, 67),
            (98, 4, 61),
            (99, 1, 29),
            (99, 1, 76),
            (99, 1, 62),
            (99, 2, 54),
            (99, 2, 61),
            (99, 2, 39),
            (99, 3, 45),
            (99, 3, 81),
            (99, 3, 62),
            (99, 4, 61),
            (99, 4, 78),
            (99, 4, 84),
            (100, 1, 65),
            (100, 1, 56),
            (100, 1, 72),
            (100, 2, 67),
            (100, 2, 79),
            (100, 2, 83),
            (100, 3, 77),
            (100, 3, 87),
            (100, 3, 65),
            (100, 4, 52),
            (100, 4, 72),
            (100, 4, 89),
            (101, 1, 77),
            (101, 1, 62),
            (101, 1, 87),
            (101, 2, 54),
            (101, 2, 39),
            (101, 2, 61),
            (101, 3, 48),
            (101, 3, 82),
            (101, 3, 68),
            (101, 4, 56),
            (101, 4, 71),
            (101, 4, 61),
            (102, 1, 44),
            (102, 1, 63),
            (102, 1, 58),
            (102, 2, 39),
            (102, 2, 66),
            (102, 2, 72),
            (102, 3, 43),
            (102, 3, 71),
            (102, 3, 71),
            (102, 4, 58),
            (102, 4, 79),
            (102, 4, 23),
            (103, 1, 39),
            (103, 1, 48),
            (103, 1, 71),
            (103, 2, 65),
            (103, 2, 64),
            (103, 2, 77),
            (103, 3, 55),
            (103, 3, 72),
            (103, 3, 87),
            (103, 4, 55),
            (103, 4, 72),
            (103, 4, 69),
            (104, 1, 56),
            (104, 1, 68),
            (104, 1, 72),
            (104, 2, 66),
            (104, 2, 78),
            (104, 2, 88),
            (104, 3, 79),
            (104, 3, 88),
            (104, 3, 92),
            (104, 4, 67),
            (104, 4, 79),
            (104, 4, 94),
            (105, 1, 77),
            (105, 1, 71),
            (105, 1, 83),
            (105, 2, 77),
            (105, 2, 66),
            (105, 2, 79),
            (105, 3, 71),
            (105, 3, 68),
            (105, 3, 83),
            (105, 4, 55),
            (105, 4, 71),
            (105, 4, 68),
            (106, 1, 77),
            (106, 1, 48),
            (106, 1, 82),
            (106, 2, 49),
            (106, 2, 72),
            (106, 2, 77),
            (106, 3, 48),
            (106, 3, 71),
            (106, 3, 62),
            (106, 4, 71),
            (106, 4, 59),
            (106, 4, 51),
            (107, 1, 33),
            (107, 1, 18),
            (107, 1, 55),
            (107, 2, 48),
            (107, 2, 67),
            (107, 2, 54),
            (107, 3, 82),
            (107, 3, 67),
            (107, 3, 55),
            (107, 4, 58),
            (107, 4, 78),
            (107, 4, 69),
            (108, 1, 56),
            (108, 1, 77),
            (108, 1, 65),
            (108, 2, 58),
            (108, 2, 76),
            (108, 2, 69),
            (108, 3, 62),
            (108, 3, 29),
            (108, 3, 82),
            (108, 4, 68),
            (108, 4, 62),
            (108, 4, 55),
            (109, 1, 35),
            (109, 1, 55),
            (109, 1, 62),
            (109, 2, 63),
            (109, 2, 64),
            (109, 2, 34),
            (109, 3, 56),
            (109, 3, 67),
            (109, 3, 77),
            (109, 4, 59),
            (109, 4, 72),
            (109, 4, 88),
            (110, 1, 48),
            (110, 1, 58),
            (110, 1, 72),
            (110, 2, 56),
            (110, 2, 73),
            (110, 2, 63),
            (110, 3, 72),
            (110, 3, 67),
            (110, 3, 77),
            (110, 4, 92),
            (110, 4, 88),
            (110, 4, 72),
            (111, 1, 38),
            (111, 1, 67),
            (111, 1, 75),
            (111, 2, 49),
            (111, 2, 73),
            (111, 2, 88),
            (111, 3, 72),
            (111, 3, 68),
            (111, 3, 61),
            (111, 4, 87),
            (111, 4, 82),
            (111, 4, 91),
            (112, 1, 45),
            (112, 1, 67),
            (112, 1, 77),
            (112, 2, 61),
            (112, 2, 71),
            (112, 2, 81),
            (112, 3, 49),
            (112, 3, 71),
            (112, 3, 61),
            (112, 4, 66),
            (112, 4, 81),
            (112, 4, 89),
            (113, 1, 65),
            (113, 1, 71),
            (113, 1, 62),
            (113, 2, 71),
            (113, 2, 91),
            (113, 2, 79),
            (113, 3, 65),
            (113, 3, 82),
            (113, 3, 69),
            (113, 4, 72),
            (113, 4, 55),
            (113, 4, 67),
            (114, 1, 67),
            (114, 1, 82),
            (114, 1, 82),
            (114, 2, 89),
            (114, 2, 81),
            (114, 2, 61),
            (114, 3, 59),
            (114, 3, 78),
            (114, 3, 71),
            (114, 4, 39),
            (114, 4, 61),
            (114, 4, 27),
            (115, 1, 94),
            (115, 1, 59),
            (115, 1, 77),
            (115, 2, 61),
            (115, 2, 71),
            (115, 2, 61),
            (115, 3, 76),
            (115, 3, 71),
            (115, 3, 89),
            (115, 4, 55),
            (115, 4, 71),
            (115, 4, 81),
            (116, 1, 82),
            (116, 1, 34),
            (116, 1, 59),
            (116, 2, 37),
            (116, 2, 71),
            (116, 2, 61),
            (116, 3, 77),
            (116, 3, 44),
            (116, 3, 88),
            (116, 4, 65),
            (116, 4, 32),
            (116, 4, 71),
            (117, 1, 55),
            (117, 1, 76),
            (117, 1, 76),
            (117, 2, 49),
            (117, 2, 65),
            (117, 2, 71),
            (117, 3, 54),
            (117, 3, 87),
            (117, 3, 67),
            (117, 4, 82),
            (117, 4, 72),
            (117, 4, 62),
            (118, 1, 39),
            (118, 1, 59),
            (118, 1, 53),
            (118, 2, 49),
            (118, 2, 72),
            (118, 2, 67),
            (118, 3, 81),
            (118, 3, 92),
            (118, 3, 77),
            (118, 4, 56),
            (118, 4, 72),
            (118, 4, 62),
            (119, 1, 52),
            (119, 1, 66),
            (119, 1, 27),
            (119, 2, 67),
            (119, 2, 54),
            (119, 2, 77),
            (119, 3, 54),
            (119, 3, 56),
            (119, 3, 21),
            (119, 4, 76),
            (119, 4, 98), 
            (119, 4, 88),
            (120, 1, 77),
            (120, 1, 34),
            (120, 1, 65),
            (120, 2, 65),
            (120, 2, 77),
            (120, 2, 82),
            (120, 3, 76),
            (120, 3, 82),
            (120, 3, 66),
            (120, 4, 81),
            (120, 4, 71),
            (120, 4, 61),
            (121, 1, 44),
            (121, 1, 51),
            (121, 1, 72),
            (121, 2, 72),
            (121, 2, 67),
            (121, 2, 61),
            (121, 3, 82),
            (121, 3, 71),
            (121, 3, 92),
            (121, 4, 73),
            (121, 4, 72),
            (121, 4, 61),
            (122, 1, 62),
            (122, 1, 51),
            (122, 1, 62),
            (122, 2, 61),
            (122, 2, 82),
            (122, 2, 72),
            (122, 3, 54),
            (122, 3, 51),
            (122, 3, 82),
            (122, 4, 73),
            (122, 4, 80),
            (122, 4, 61),
            (123, 1, 18),
            (123, 1, 62),
            (123, 1, 51),
            (123, 2, 61),
            (123, 2, 65),
            (123, 2, 71),
            (123, 3, 68),
            (123, 3, 71),
            (123, 3, 79),
            (123, 4, 81),
            (123, 4, 71),
            (123, 4, 45),
            (124, 1, 66),
            (124, 1, 51),
            (124, 1, 82),
            (124, 2, 66),
            (124, 2, 51),
            (124, 2, 39),
            (124, 3, 49),
            (124, 3, 71),
            (124, 3, 88),
            (124, 4, 54),
            (124, 4, 29),
            (124, 4, 72),
            (125, 1, 88),
            (125, 1, 72),
            (125, 1, 33),
            (125, 2, 76),
            (125, 2, 55),
            (125, 2, 66),
            (125, 3, 71),
            (125, 3, 41),
            (125, 3, 55),
            (125, 4, 74),
            (125, 4, 66),
            (125, 4, 71),
            (126, 1, 33),
            (126, 1, 56),
            (126, 1, 77),
            (126, 2, 71),
            (126, 2, 54),
            (126, 2, 89),
            (126, 3, 73),
            (126, 3, 83),
            (126, 3, 71),
            (126, 4, 66),
            (126, 4, 59),
            (126, 4, 83),
            (127, 1, 33),
            (127, 1, 92),
            (127, 1, 45),
            (127, 2, 49),
            (127, 2, 61),
            (127, 2, 66),
            (127, 3, 55),
            (127, 3, 48),
            (127, 3, 29),
            (127, 4, 71),
            (127, 4, 91),
            (127, 4, 84),
            (128, 1, 33),
            (128, 1, 65),
            (128, 1, 77),
            (128, 2, 66),
            (128, 2, 69),
            (128, 2, 59),
            (128, 3, 45),
            (128, 3, 77),
            (128, 3, 59),
            (128, 4, 58),
            (128, 4, 29),
            (128, 4, 66),
            (129, 1, 28),
            (129, 1, 37),
            (129, 1, 66),
            (129, 2, 49),
            (129, 2, 55),
            (129, 2, 61),
            (129, 3, 67),
            (129, 3, 77),
            (129, 3, 71),
            (129, 4, 72),
            (129, 4, 59),
            (129, 4, 71),
            (130, 1, 22),
            (130, 1, 39),
            (130, 1, 55),
            (130, 2, 38),
            (130, 2, 49),
            (130, 2, 78),
            (130, 3, 49),
            (130, 3, 61),
            (130, 3, 29),
            (130, 4, 66),
            (130, 4, 51),
            (130, 4, 71),
            (131, 1, 55),
            (131, 1, 72),
            (131, 1, 62),
            (131, 2, 39),
            (131, 2, 72),
            (131, 2, 61),
            (131, 3, 71),
            (131, 3, 66),
            (131, 3, 51),
            (131, 4, 66),
            (131, 4, 88),
            (131, 4, 71),
            (132, 1, 45),
            (132, 1, 66),
            (132, 1, 71),
            (132, 2, 65),
            (132, 2, 88),
            (132, 2, 76),
            (132, 3, 45),
            (132, 3, 59),
            (132, 3, 77),
            (132, 4, 59),
            (132, 4, 69),
            (132, 4, 78),
            (133, 1, 66),
            (133, 1, 71),
            (133, 1, 71),
            (133, 2, 49),
            (133, 2, 59),
            (133, 2, 87),
            (133, 3, 71),
            (133, 3, 87),
            (133, 3, 49),
            (133, 4, 61),
            (133, 4, 71),
            (133, 4, 91),
            (134, 1, 54),
            (134, 1, 65),
            (134, 1, 38),
            (134, 2, 38),
            (134, 2, 76),
            (134, 2, 77),
            (134, 3, 87),
            (134, 3, 65),
            (134, 3, 87),
            (134, 4, 41),
            (134, 4, 51),
            (134, 4, 71),
            (135, 1, 33),
            (135, 1, 38),
            (135, 1, 29),
            (135, 2, 49),
            (135, 2, 33),
            (135, 2, 76),
            (135, 3, 49),
            (135, 3, 82),
            (135, 3, 71),
            (135, 4, 55),
            (135, 4, 89),
            (135, 4, 74),
            (136, 1, 39),
            (136, 1, 39),
            (136, 1, 72),
            (136, 2, 49),
            (136, 2, 67),
            (136, 2, 81),
            (136, 3, 74),
            (136, 3, 61),
            (136, 3, 44),
            (136, 4, 71),
            (136, 4, 55),
            (136, 4, 92),
            (137, 1, 22),
            (137, 1, 29),
            (137, 1, 66),
            (137, 2, 82),
            (137, 2, 66),
            (137, 2, 51),
            (137, 3, 44),
            (137, 3, 71),
            (137, 3, 68),
            (137, 4, 51),
            (137, 4, 77),
            (137, 4, 61),
            (138, 1, 55),
            (138, 1, 61),
            (138, 1, 39),
            (138, 2, 55),
            (138, 2, 32),
            (138, 2, 71),
            (138, 3, 49),
            (138, 3, 71),
            (138, 3, 69),
            (138, 4, 43),
            (138, 4, 29),
            (138, 4, 61),
            (139, 1, 33),
            (139, 1, 25),
            (139, 1, 66),
            (139, 2, 49),
            (139, 2, 66),
            (139, 2, 71),
            (139, 3, 49),
            (139, 3, 81),
            (139, 3, 73),
            (139, 4, 61),
            (139, 4, 88),
            (139, 4, 25),
            (140, 1, 22),
            (140, 1, 44),
            (140, 1, 39),
            (140, 2, 49),
            (140, 2, 55),
            (140, 2, 61),
            (140, 3, 55),
            (140, 3, 71),
            (140, 3, 72),
            (140, 4, 59),
            (140, 4, 88),
            (140, 4, 77),
            (141, 1, 62),
            (141, 1, 39),
            (141, 1, 66),
            (141, 2, 39),
            (141, 2, 88),
            (141, 2, 69),
            (141, 3, 49),
            (141, 3, 77),
            (141, 3, 62),
            (141, 4, 55),
            (141, 4, 82),
            (141, 4, 77),
            (142, 1, 38),
            (142, 1, 37),
            (142, 1, 55),
            (142, 2, 67),
            (142, 2, 85),
            (142, 2, 73),
            (142, 3, 59),
            (142, 3, 81),
            (142, 3, 72),
            (142, 4, 55),
            (142, 4, 67),
            (142, 4, 82),
            (143, 1, 55), 
            (143, 1, 66),
            (143, 1, 72),
            (143, 2, 88),
            (143, 2, 71),
            (143, 2, 66),
            (143, 3, 79),
            (143, 3, 82),
            (143, 3, 61),
            (143, 4, 55),
            (143, 4, 51),
            (143, 4, 68),
            (144, 1, 65),
            (144, 1, 28),
            (144, 1, 62),
            (144, 2, 55),
            (144, 2, 89),
            (144, 2, 51),
            (144, 3, 38),
            (144, 3, 62),
            (144, 3, 82),
            (144, 4, 51),
            (144, 4, 66),
            (144, 4, 44),
            (145, 1, 76),
            (145, 1, 62),
            (145, 1, 55),
            (145, 2, 39),
            (145, 2, 71),
            (145, 2, 66),
            (145, 3, 72),
            (145, 3, 55),
            (145, 3, 33),
            (145, 4, 59),
            (145, 4, 71),
            (145, 4, 77),
            (146, 1, 38),
            (146, 1, 77),
            (146, 1, 62),
            (146, 2, 55),
            (146, 2, 66),
            (146, 2, 55),
            (146, 3, 88),
            (146, 3, 44),
            (146, 3, 61),
            (146, 4, 55),
            (146, 4, 77),
            (146, 4, 88),
            (147, 1, 39),
            (147, 1, 66),
            (147, 1, 76),
            (147, 2, 39),
            (147, 2, 61),
            (147, 2, 49),
            (147, 3, 48),
            (147, 3, 77),
            (147, 3, 61),
            (147, 4, 55),
            (147, 4, 81),
            (147, 4, 82),
            (148, 1, 28),
            (148, 1, 39),
            (148, 1, 88),
            (148, 2, 39),
            (148, 2, 49),
            (148, 2, 71),
            (148, 3, 55),
            (148, 3, 71),
            (148, 3, 66),
            (148, 4, 55),
            (148, 4, 61),
            (148, 4, 77),
            (149, 1, 66),
            (149, 1, 61),
            (149, 1, 39),
            (149, 2, 44),
            (149, 2, 61),
            (149, 2, 71),
            (149, 3, 77),
            (149, 3, 71),
            (149, 3, 88),
            (149, 4, 61),
            (149, 4, 66),
            (149, 4, 78),
            (150, 1, 33),
            (150, 1, 32),
            (150, 1, 72),
            (150, 2, 66),
            (150, 2, 66),
            (150, 2, 82),
            (150, 3, 51),
            (150, 3, 55),
            (150, 3, 51),
            (150, 4, 51),
            (150, 4, 61),
            (150, 4, 77),
            (151, 1, 44),
            (151, 1, 62),
            (151, 1, 72),
            (151, 2, 39),
            (151, 2, 77),
            (151, 2, 81),
            (151, 3, 61),
            (151, 3, 77),
            (151, 3, 82),
            (151, 4, 77),
            (151, 4, 61),
            (151, 4, 51),
            (152, 1, 55),
            (152, 1, 38),
            (151, 1, 66),
            (151, 2, 62),
            (151, 2, 76),
            (151, 2, 66),
            (151, 3, 48),
            (151, 3, 72),
            (151, 3, 49),
            (151, 4, 77),
            (151, 4, 66),
            (151, 4, 92),
            (152, 1, 39),
            (152, 1, 38),
            (152, 1, 65),
            (152, 2, 77),
            (152, 2, 81),
            (152, 2, 64),
            (152, 3, 71),
            (152, 3, 88),
            (152, 3, 77),
            (152, 4, 71),
            (152, 4, 61),
            (152, 4, 88),
            (153, 1, 71),
            (153, 1, 66),
            (153, 1, 41),
            (153, 2, 48),
            (153, 2, 82),
            (153, 2, 77),
            (153, 3, 51),
            (153, 3, 88),
            (153, 3, 81),
            (153, 4, 66),
            (153, 4, 71),
            (153, 4, 52),
            (154, 1, 39),
            (154, 1, 62),
            (154, 1, 52),
            (154, 2, 69),
            (154, 2, 51),
            (154, 2, 38),
            (154, 3, 71),
            (154, 3, 88),
            (154, 3, 41),
            (154, 4, 88),
            (154, 4, 73),
            (154, 4, 61),
            (155, 1, 55),
            (155, 1, 38),
            (155, 1, 49),
            (155, 2, 35),
            (155, 2, 21),
            (155, 2, 59),
            (155, 3, 61),
            (155, 3, 46),
            (155, 3, 87),
            (155, 4, 91),
            (155, 4, 62),
            (155, 4, 78);




    
       

       